{
	"jsonResults": {
		"dateRun": "22-Oct-2020 17:07:37",
		"ini_time_size": "28-Jun-2016 10:46:17 23100B  MD5 = dce2c1405fa882ba4e8b84cba3253069",
		"version": "Imatest 2020.2.0  Multitest",
		"build": "2020-09-30",
		"image_file": "colortone_example.jpg",
		"ColorSpace": "sRGB",
		"Reference": "X-Rite default old: Color space Wt Pt",
		"Gamma": [0.5182],
		"patches_for_gamma_start_end": [1,6],
		"exposure_error_f_stops": "-0.0316",
		"mean_camera_Saturation_Pct": [114.1],
		"mean_chroma_level_CPIQ_Pct": [112.6],
		"CPIQ_chroma_quality_loss": [0.9858],
		"pixel_offset": [0],
		"mean_patch_size_pxls": [155,151],
		"grayscale_zone": [19,20,21,22,23,24],
		"grayscale_minus_log_exposure": [1.507,1.053,0.7176,0.4395,0.2294,0.0395],
		"grayscale_Y_reflectivity": [0.03109,0.08843,0.1916,0.3635,0.5897,0.9131],
		"grayscale_Y_Printer_pixel_gamma22": [55.47,89.22,126.8,169.6,211.3,257.8],
		"grayscale_Y_density": [0.07055,0.1432,0.2346,0.3947,0.6834,1.117],
		"grayscale_R_density": [0.06656,0.1316,0.2195,0.3643,0.6512,1.085],
		"grayscale_G_density": [0.07156,0.1473,0.2398,0.4046,0.694,1.135],
		"grayscale_B_density": [0.0724,0.138,0.2286,0.3905,0.6791,1.042],
		"grayscale_Y_mean": [216.8,183.4,148.6,102.8,52.86,19.49],
		"grayscale_R_mean": [218.8,188.3,153.8,110.2,56.93,20.95],
		"grayscale_G_mean": [216.3,181.7,146.8,100.5,51.59,18.7],
		"grayscale_B_mean": [215.8,185.6,150.6,103.8,53.38,23.13],
		"White_Bal_error_Degrees": [-113.4,-103,-152.5,-487,-467.2,1036],
		"White_Bal_error_Mired": [2.733,2.477,3.697,12.46,11.91,-21.16],
		"White_Bal_error_H_HSV": [0.01336,0.03539,0.0457,0.08859,0.09379,0.1915],
		"White_Bal_error_Delta_C_ab": [1.704,3.787,4.014,4.573,3.112,2.468],
		"White_Bal_error_Delta_C_94": [1.658,3.716,3.927,4.526,3.03,2.378],
		"White_Bal_error_Delta_C_00": [2.335,5.211,5.567,5.994,4.297,3.023],
		"n_Patch": [1,2,3,4,5,6,7,8,9,10,11,12,13,14,15,16,17,18,19,20,21,22,23,24],
		"n_Row": [1,1,1,1,1,1,2,2,2,2,2,2,3,3,3,3,3,3,4,4,4,4,4,4],
		"n_Column": [1,2,3,4,5,6,1,2,3,4,5,6,1,2,3,4,5,6,1,2,3,4,5,6],
		"width_pixels": [156,156,156,156,156,156,156,156,156,156,157,156,156,156,156,156,156,156,156,157,156,156,156,156],
		"height_pixels": [154,153,153,154,153,153,153,153,153,153,153,153,154,153,154,153,153,154,153,153,154,153,153,154],
		"Pixels_total": [24024,23868,23868,24024,23868,23868,23868,23868,23868,23868,24021,23868,24024,23868,24024,23868,23868,24024,23868,24021,24024,23868,23868,24024],
		"R_reference": [113.9,194.8,92.95,90.53,129.3,97.42,221,70.66,193.4,92.06,160.3,228.3,39.51,70.73,173.6,236.6,188.1,0,244.8,200.4,160.8,120.8,82.6,48.72],
		"G_reference": [80.75,148,122.3,107.7,128,190.9,122.7,90.8,82.08,57.43,189.2,160.6,62.85,149.8,50.69,198.2,83.87,137.8,245.3,202.2,162.8,121.2,84.08,49.35],
		"B_reference": [67.46,127.7,156,64.48,176.2,170.7,47.66,170.2,97.31,106.4,61.8,41.36,147,72.58,56.98,19.57,151.5,168.3,242.4,202.3,163.2,121.5,85.79,50.73],
		"R_input": [104.5,179.6,27.87,66.47,95.48,65.47,208.6,2.805,193.5,71.67,166.3,220.6,2.05,67.46,187.8,230.6,194.2,1.388,218.8,188.3,153.8,110.2,56.93,20.95],
		"G_input": [54.62,122.5,89.02,74.4,98.87,170.4,108.2,54.54,43.89,17.15,168.3,149,27.48,134.6,21.48,178.4,47.75,122.9,216.3,181.7,146.8,100.5,51.59,18.7],
		"B_input": [43.43,108,130.2,26.87,153.5,154.6,31.87,147.4,67.39,81.76,45.68,27.2,124.7,53.45,24.47,18.64,138.5,155.9,215.8,185.6,150.6,103.8,53.38,23.13],
		"L_reference": [37.54,65.2,50.37,43.13,55.34,71.36,61.37,40.71,49.86,30.15,72.44,70.92,29.62,55.64,40.55,80.98,51.01,52.12,96.54,81.27,66.79,50.87,35.68,20.48],
		"a_reference": [12.02,14.82,-1.573,-14.63,11.45,-32.72,32.89,16.91,45.93,24.92,-27.46,15.58,21.43,-40.76,49.97,-1.037,49.88,-24.61,-0.694,-0.61,-0.647,-0.059,-0.22,0.049],
		"b_reference": [13.33,17.55,-21.43,22.12,-25.29,1.636,55.16,-45.09,13.88,-22.61,58.47,66.54,-49.03,33.27,25.46,80.03,-16.93,-26.18,1.354,-0.24,-0.429,-0.247,-1.205,-0.972],
		"L_input": [29.03,56.86,36,29.92,43.76,63.66,56.47,26.23,43.67,17.35,66.85,67.19,16.95,50.32,40.07,75.43,46.23,47.68,86.61,74.56,61.55,43.54,22.12,6.113],
		"a_input": [20.97,20.45,-4.195,-11.21,12.65,-33.86,34.88,24.26,59.03,35.3,-15.44,18.11,33.46,-37.79,61.27,6.675,64.33,-16.35,0.778,3.065,3.309,4.509,2.751,1.991],
		"b_input": [16.84,16.93,-28.59,26.71,-30.2,-0.8526,56.38,-54.88,23.79,-26.83,59.12,67.2,-55.95,36.51,44.29,75.75,-16.37,-25.79,0.4951,-1.154,-1.112,-0.4752,-0.2782,-2.496],
		"x_reference": [0.3969,0.3837,0.2488,0.3433,0.2673,0.2605,0.5082,0.209,0.4619,0.2906,0.377,0.475,0.1864,0.3038,0.5361,0.4497,0.3672,0.1964,0.3142,0.3113,0.3106,0.3119,0.3076,0.3077],
		"y_reference": [0.3586,0.3565,0.2662,0.4313,0.252,0.3601,0.4032,0.1799,0.3099,0.2146,0.4964,0.4423,0.1438,0.4887,0.3224,0.4767,0.2396,0.2687,0.332,0.329,0.3285,0.3283,0.3246,0.3235],
		"Y_reference": [0.09834,0.343,0.1873,0.1324,0.2326,0.4271,0.2967,0.1169,0.183,0.06297,0.4431,0.4207,0.06084,0.2356,0.1159,0.5844,0.1927,0.2025,0.9131,0.5897,0.3635,0.1916,0.08843,0.03109],
		"x_input": [0.4592,0.4025,0.2043,0.3773,0.2465,0.2481,0.5253,0.1675,0.5417,0.2928,0.4057,0.4864,0.1585,0.3162,0.6147,0.4644,0.4045,0.2058,0.3148,0.3153,0.3163,0.3225,0.3221,0.3034],
		"y_input": [0.3552,0.3504,0.2275,0.4729,0.2246,0.3565,0.4023,0.1211,0.3066,0.1595,0.4874,0.4414,0.08842,0.509,0.3284,0.4646,0.2233,0.2604,0.3295,0.324,0.3231,0.322,0.3224,0.2968],
		"Y_input": [0.0585,0.2478,0.09011,0.06205,0.1367,0.3238,0.2439,0.04825,0.1361,0.02376,0.3644,0.3688,0.02291,0.1869,0.1129,0.4897,0.1544,0.1655,0.6922,0.4758,0.2988,0.1352,0.03548,0.006768],
		"patch_numbers_for_all_Delta_E_C": [1,2,3,4,5,6,7,8,9,10,11,12,13,14,15,16,17,18,19,20,21,22,23,24],
		"Delta_E_all": [12.8,10.1,16.3,14.4,12.6,8.18,5.42,19,17.6,17,13.3,4.55,18.8,6.9,22,10.4,15.2,9.39,10.1,7.71,6.6,8.64,13.9,14.6],
		"Delta_C_all": [9.62,5.66,7.63,5.72,5.06,2.74,2.34,12.3,16.4,11.2,12,2.61,13.9,4.39,22,8.82,14.5,8.27,1.7,3.79,4.01,4.57,3.11,2.47],
		"Delta_E94_all": [10.2,9.13,14.9,13.8,11.8,7.9,4.95,15.1,8.44,13.7,8.14,3.91,13.8,5.86,7.8,6.66,6.78,6.37,10.1,7.68,6.55,8.61,13.9,14.6],
		"Delta_C94_all": [5.67,3.71,4.01,3.86,2.3,1.74,0.764,4.15,5.73,4.8,5.92,1.17,5.39,2.45,7.78,3.68,4.82,4.57,1.66,3.72,3.93,4.53,3.03,2.38],
		"Delta_E2000_all": [9.03,8.36,14,11.7,11.9,6.38,4.45,12,7.98,10.2,7.69,3.26,10.3,5.61,7.51,6.11,6.36,6.18,6.56,7.05,7.07,9.34,11.2,9.77],
		"Delta_C2000_all": [5.88,4.19,4.49,3.88,2.56,1.72,0.85,2.77,5.23,4.37,6.35,1.47,4.93,2.11,7.49,4.69,4.24,4.31,2.33,5.21,5.57,5.99,4.3,3.02],
		"Delta_L_all": [-8.51,-8.34,-14.4,-13.2,-11.6,-7.7,-4.89,-14.5,-6.19,-12.8,-5.59,-3.73,-12.7,-5.32,-0.484,-5.55,-4.77,-4.44,-9.92,-6.72,-5.24,-7.33,-13.6,-14.4],
		"Delta_Chroma_all": [8.95,3.58,7.41,2.45,4.98,1.11,2.09,11.9,15.7,10.7,-3.49,1.26,11.7,-0.0675,19.5,-3.99,13.7,-5.39,-0.599,2.62,2.71,4.28,1.54,2.22],
		"Delta_Hue_Distance_all": [3.52,4.38,1.8,5.17,0.855,2.5,1.07,3.09,4.96,3.35,11.5,2.29,7.49,4.39,10.1,7.86,4.62,6.27,0,0,0,0,0,0],
		"Delta_Hue_Degrees_all": [-9.19,-10.2,-4.15,-10.7,-1.63,4.31,-0.937,3.29,5.14,4.98,-10.5,-1.9,7.27,-4.79,8.86,-5.78,4.47,10.9,0,0,0,0,0,0],
		"sat_corr_comment": "sat_corr explained on https://www.imatest.com/docs/colorcheck/#satcorr - not recommended.",
		"Delta_C_all_sat_corr": [6.51,4.11,4.19,4.97,1.23,3.87,6.2,5.29,9.06,6.08,15.4,7.66,7.89,7.75,13.9,15.3,6.99,10.9,1.66,3.39,3.59,4.01,2.8,2.09],
		"Delta_C94_all_sat_corr": [4.05,3.06,2.33,3.5,0.701,2,1.65,2.18,3.65,2.94,6.17,2.09,4.03,3.01,5.87,4.44,2.91,5.18,1.61,3.32,3.51,3.97,2.73,2.01],
		"Delta_C2000_all_sat_corr": [4.56,3.54,2.91,3.74,0.971,2.05,1.75,1.81,3.53,2.8,6.76,2.33,4.85,2.89,6.09,5.41,2.52,5.35,2.22,4.72,5.04,5.35,3.87,2.62],
		"grayscale_patch_numbers": [19,20,21,22,23,24],
		"Delta_E": [10.1,7.71,6.6,8.64,13.9,14.6],
		"Delta_C": [1.7,3.79,4.01,4.57,3.11,2.47],
		"Delta_E94": [10.1,7.68,6.55,8.61,13.9,14.6],
		"Delta_C94": [1.66,3.72,3.93,4.53,3.03,2.38],
		"Delta_E2000": [6.56,7.05,7.07,9.34,11.2,9.77],
		"Delta_C2000": [2.33,5.21,5.57,5.99,4.3,3.02],
		"Delta_L": [-9.92,-6.72,-5.24,-7.33,-13.6,-14.4],