{
	"distortionResults": {
		"dateRun": "21-Oct-2020 19:23:48",
		"ini_time_size": "28-Jun-2016 10:46:17 23100B  MD5 = dce2c1405fa882ba4e8b84cba3253069",
		"version": "Imatest 2020.2.0  Uniformity",
		"title": "distortion_example.jpg",
		"build": "2020-09-30",
		"roi": [28,42,1565,1189],
		"image_size_pixels": [1200,1600],
		"selected_calculation": "3rd ord DIV",
		"best_calculation": "3rd ord DIV",
		"SMIA_TV_Distortion_pct": [-1.71],
		"ISO_TV_Distortion_pct": [-0.857],
		"distortion_type": "Barrel",
		"polynomial_distortion_model": "Standard polynomial distortion model",
		"k1_3rd_order_coeffs": [0.02919],
		"h1_h2_5th_order_coeffs": [-0.001402,0.0273],
		"PW_Pro_Coeff": [0.02906],
		"PW_Pro_Scale": [0.9898],
		"decentered_radius": "0.146",
		"decentered_angle_degs": [-0.268],
		"decentered_k1": [0.0293],
		"decentered_h1_h2": [-0.001716,0.02776],
		"decentered_PW_Pro_Coeff": [0.02892],
		"x_spacing_pxls": [90.55],
		"y_spacing_pxls": [90.41],
		"dy_dx_ratio": [0.9984],
		"dx_dy_ratio": [1.002],
		"radius_correction": "vstr.nradius correction results",
		"radius_normalized": [0,0.1,0.2,0.3,0.4,0.5,0.6,0.7,0.8,0.9,1],
		"Delta_R_3rd": [0,2.931e-05,0.0002345,0.0007914,0.001876,0.003664,0.006332,0.01005,0.01501,0.02137,0.02931],
		"Delta_R_5th": [0,-1.438e-06,-4.842e-06,2.113e-05,0.0001744,0.0006529,0.001788,0.004077,0.008217,0.01514,0.02604],
		"Delta_R_atan": [0,2.788e-05,0.0002233,0.0007548,0.001793,0.003513,0.006093,0.009719,0.01458,0.02088,0.02884],
		"Lens_Geo_Distortion_3rd": [0,-0.0293,-0.1171,-0.2631,-0.4668,-0.7275,-1.044,-1.416,-1.841,-2.319,-2.848],
		"Lens_Geo_Distortion_5th": [0,0.001438,0.002421,-0.007042,-0.04359,-0.1304,-0.2971,-0.579,-1.017,-1.654,-2.538],
		"Lens_Geo_Distortion_atan": [0,-0.02787,-0.1115,-0.251,-0.4463,-0.6977,-1.005,-1.369,-1.79,-2.268,-2.803],
		"Lens_Geo_Distortion_3rd_max": [0],
		"Lens_Geo_Distortion_3rd_min": [-2.848],
		"Lens_Geo_Distortion_3rd_worst": [2.848],
		"Lens_Geo_Distortion_5th_max": [0.002645],
		"Lens_Geo_Distortion_5th_min": [-2.538],
		"Lens_Geo_Distortion_5th_worst": [2.538],
		"Lens_Geo_Distortion_atan_max": [0],
		"Lens_Geo_Distortion_atan_min": [-2.803],
		"Lens_Geo_Distortion_atan_worst": [2.803],
		"curvature_distortion": "Curvature and Distortion (Curvature/radius)",
		"radius_normal_cd": [0.02,0.12,0.22,0.32,0.42,0.52,0.62,0.72,0.82,0.92],
		"curvature_3rd": [0.003518,0.02111,0.03869,0.05628,0.07387,0.09146,0.109,0.1266,0.1442,0.1618],
		"curvature_5th": [-0.0001992,-0.0002626,0.003671,0.01493,0.03685,0.07276,0.126,0.1999,0.2977,0.4229],
		"curvature_atan": [0.003345,0.0201,0.03699,0.05413,0.07163,0.08963,0.1082,0.1276,0.1479,0.1693],
		"distortion_3rd": [0.1759,0.1759,0.1759,0.1759,0.1759,0.1759,0.1759,0.1759,0.1759,0.1759],
		"distortion_5th": [-0.00996,-0.002188,0.01669,0.04666,0.08774,0.1399,0.2032,0.2776,0.3631,0.4597],
		"distortion_atan": [0.1672,0.1675,0.1681,0.1691,0.1706,0.1724,0.1746,0.1773,0.1804,0.184],
		"EXIF_results": [
				"File Modification Date/Time     , 2020:10:01 05:25:34+03:00",
				"Color Space                     , sRGB",
				"Image Width                     , 1600",
				"Image Height                    , 1200"
		]
	}
}
