{
	"jsonResults": {
		"dateRun": "03-Nov-2020 19:21:17",
		"ini_time_size": "28-Jun-2016 10:46:17 23100B  MD5 = dce2c1405fa882ba4e8b84cba3253069",
		"version": "Imatest 2020.2.0  Star",
		"build": "2020-09-30",
		"title": "star_example.jpg",
		"image_file": "star_example.jpg",
		"image_pixel_width": [3888],
		"image_pixel_height": [2592],
		"crop_width": [783],
		"crop_height": [719],
		"crop_L_R_T_B": [2305,3087,922,1640],
		"pixels_per_inch": [0],
		"pixels_per_mm": [0],
		"um_per_pixel": [0],
		"apply_MTF_compensation_deconv": [0],
		"secondary_readout_1": "MTF30 = 0.351 Cy/Pxl",
		"secondary_1_results": [0.3511],
		"number_of_radii": [64],
		"startype": [1],
		"star_Type": "Full circle",
		"Radius": [327,315.9,305.1,294.6,284.5,274.8,265.4,256.3,247.5,239.1,230.9,223,215.4,208,200.9,194,187.4,181,174.8,168.8,163,157.4,152,146.8,141.8,137,132.3,127.8,123.4,119.2,115.1,111.1,107.3,103.7,100.1,96.7,93.39,90.19,87.11,84.13,81.25,78.47,75.78,73.19,70.68,68.27,65.93,63.67,61.5,59.39,57.36,55.4,53.5,51.67,49.9,48.2,46.55,44.95,43.42,41.93,40.5,39.11,37.77,36.48],
		"frequency_C_P": [0.0701,0.0726,0.0751,0.0778,0.0805,0.0834,0.0864,0.0894,0.0926,0.0959,0.0993,0.103,0.106,0.11,0.114,0.118,0.122,0.127,0.131,0.136,0.141,0.146,0.151,0.156,0.162,0.167,0.173,0.179,0.186,0.192,0.199,0.206,0.214,0.221,0.229,0.237,0.245,0.254,0.263,0.272,0.282,0.292,0.302,0.313,0.324,0.336,0.348,0.36,0.373,0.386,0.4,0.414,0.428,0.444,0.459,0.476,0.492,0.51,0.528,0.547,0.566,0.586,0.607,0.628],
		"MTF_unsmoothed_mean": [1,0.995,0.992,0.991,0.988,0.989,0.984,0.983,0.982,0.981,0.981,0.98,0.975,0.975,0.976,0.974,0.974,0.971,0.967,0.967,0.969,0.962,0.956,0.956,0.949,0.941,0.936,0.929,0.924,0.916,0.906,0.901,0.889,0.87,0.857,0.836,0.815,0.792,0.748,0.717,0.661,0.618,0.558,0.5,0.435,0.382,0.308,0.256,0.206,0.165,0.119,0.0928,0.052,0.0333,0.0231,0.0204,0.0143,0.00645,0.00912,0.00571,0.00383,0.00756,0.0055,0.00506],
		"freq_interp_C_P": [0.0701,0.0812,0.0924,0.104,0.115,0.126,0.137,0.148,0.159,0.171,0.182,0.193,0.204,0.215,0.226,0.238,0.249,0.26,0.271,0.282,0.293,0.305,0.316,0.327,0.338,0.349,0.36,0.371,0.383,0.394,0.405,0.416,0.427,0.438,0.45,0.461,0.472,0.483,0.494,0.505,0.517,0.528,0.539,0.55,0.561,0.572,0.584,0.595,0.606,0.617,0.628],
		"MTF_interp_smooth_mean": [1,0.994,0.988,0.983,0.979,0.975,0.97,0.964,0.954,0.943,0.931,0.919,0.904,0.886,0.863,0.837,0.806,0.766,0.719,0.666,0.609,0.549,0.488,0.427,0.367,0.309,0.258,0.215,0.176,0.141,0.111,0.0848,0.0606,0.0424,0.0311,0.0247,0.0208,0.0173,0.0133,0.00981,0.00823,0.00792,0.00702,0.00569,0.00497,0.0054,0.0063,0.00642,0.00587,0.0054,0.00518],
		"segments_total": [8],
		"segments_valid": [1,2,3,4,5,6,7,8],
		"MTF_interp_smooth_segments": [
			[1,0.997,0.995,0.996,0.997,0.998,0.996,0.991,0.983,0.972,0.961,0.95,0.938,0.923,0.907,0.895,0.879,0.852,0.82,0.789,0.752,0.708,0.657,0.6,0.54,0.477,0.412,0.35,0.284,0.22,0.162,0.112,0.0723,0.0441,0.0247,0.0135,0.0108,0.0122,0.0124,0.0103,0.00808,0.00696,0.00588,0.00452,0.00378,0.00493,0.00718,0.00848,0.00852,0.00812,0.00776],
			[1,0.991,0.979,0.963,0.945,0.929,0.914,0.899,0.883,0.866,0.851,0.835,0.815,0.788,0.755,0.719,0.678,0.625,0.56,0.494,0.436,0.377,0.316,0.257,0.195,0.144,0.123,0.114,0.101,0.0869,0.0759,0.0655,0.0535,0.044,0.0373,0.0311,0.0252,0.0197,0.014,0.00798,0.00422,0.0039,0.0054,0.00577,0.00431,0.00337,0.004,0.00529,0.00625,0.00639,0.00611],
			[1,0.991,0.985,0.987,0.994,1,1.01,1,1,0.997,0.99,0.982,0.974,0.96,0.938,0.908,0.87,0.826,0.777,0.717,0.644,0.566,0.497,0.439,0.379,0.313,0.249,0.199,0.155,0.114,0.0795,0.0532,0.0336,0.0226,0.0184,0.0155,0.0121,0.00963,0.00793,0.00616,0.00528,0.0049,0.00375,0.00274,0.00309,0.00467,0.00645,0.00718,0.00651,0.00483,0.00317],
			[1,0.997,0.993,0.987,0.98,0.973,0.968,0.961,0.95,0.936,0.922,0.907,0.891,0.871,0.85,0.829,0.805,0.77,0.722,0.666,0.606,0.538,0.463,0.39,0.323,0.265,0.219,0.184,0.156,0.133,0.115,0.097,0.0744,0.0553,0.0434,0.0381,0.0361,0.0302,0.0198,0.0121,0.0122,0.0156,0.0151,0.0113,0.00823,0.00788,0.00854,0.00703,0.00419,0.00258,0.00224],
			[1,0.993,0.988,0.986,0.985,0.982,0.978,0.971,0.961,0.949,0.935,0.919,0.904,0.89,0.872,0.853,0.832,0.812,0.788,0.761,0.726,0.686,0.644,0.6,0.55,0.488,0.417,0.351,0.291,0.234,0.179,0.13,0.0881,0.0579,0.0374,0.022,0.0109,0.00652,0.00675,0.00712,0.0069,0.00677,0.00681,0.00695,0.00749,0.00888,0.0105,0.0108,0.00962,0.00758,0.00574],
			[1,0.992,0.98,0.966,0.949,0.933,0.919,0.904,0.887,0.869,0.852,0.836,0.818,0.792,0.76,0.726,0.687,0.637,0.577,0.515,0.46,0.404,0.344,0.287,0.231,0.179,0.143,0.125,0.113,0.0996,0.0866,0.0733,0.0563,0.0384,0.028,0.0255,0.0241,0.0213,0.0175,0.0133,0.00989,0.00715,0.00433,0.00246,0.00241,0.00347,0.00435,0.0043,0.00436,0.00582,0.00774],
			[1,0.991,0.986,0.988,0.995,1,1.01,1.01,1,0.998,0.992,0.985,0.975,0.96,0.942,0.916,0.88,0.835,0.779,0.713,0.644,0.574,0.499,0.423,0.354,0.295,0.242,0.195,0.153,0.116,0.0843,0.0573,0.0379,0.0267,0.0187,0.0124,0.00944,0.00777,0.00613,0.00533,0.00484,0.00394,0.00293,0.00273,0.00341,0.00381,0.00354,0.00314,0.003,0.0032,0.00352],
			[1,0.997,0.994,0.991,0.988,0.983,0.977,0.971,0.966,0.96,0.951,0.939,0.925,0.909,0.887,0.856,0.816,0.773,0.727,0.669,0.6,0.532,0.469,0.407,0.35,0.304,0.251,0.192,0.149,0.122,0.102,0.0854,0.0654,0.0481,0.0398,0.0386,0.0377,0.0315,0.0223,0.0162,0.0143,0.0138,0.0116,0.00867,0.00667,0.00577,0.00533,0.00471,0.00424,0.00452,0.00514]
		],
		"MTF70_Cycles_per_Pixel": [0.2751],
		"MTF50_Cycles_per_Pixel": [0.3134],
		"MTF30_Cycles_per_Pixel": [0.3511],
		"MTF20_Cycles_per_Pixel": [0.3757],
		"MTF10_Cycles_per_Pixel": [0.4097],
		"MTF70P_Cycles_per_Pixel": [0.2751],
		"MTF50P_Cycles_per_Pixel": [0.3134],
		"MTF30P_Cycles_per_Pixel": [0.3511],
		"MTF20P_Cycles_per_Pixel": [0.3757],
		"MTF10P_Cycles_per_Pixel": [0.4097],
		"print_height_cm": [5,6,7,8,9,10,11,12,13,14,15,16,17,18,19,20,21,22,23,24,25,26,27,28,29,30,31,32,33,34,35,36,37,38,39,40,41,42,43,44,45,46,47,48,49,50,51,52,53,54,55,56,57,58,59,60,61,62,63,64,65,66,67,68,69,70,71,72,73,74,75,76,77,78,79,80,81,82,83,84,85,86,87,88,89,90,91,92,93,94,95,96,97,98,99,100],
		"viewing_distance_cm": [100],
		"sqf_calculation_type": "Acutance (CPIQ)",
		"SQFregion": "Region 1",
		"sqf_calculation": [1.11,1.11,1.1,1.1,1.09,1.09,1.09,1.08,1.08,1.08,1.07,1.07,1.07,1.06,1.06,1.06,1.05,1.05,1.05,1.05,1.04,1.04,1.04,1.03,1.03,1.03,1.02,1.02,1.02,1.02,1.01,1.01,1.01,1,1,1,0.99,0.99,0.99,0.98,0.98,0.98,0.97,0.97,0.97,0.96,0.96,0.96,0.95,0.95,0.94,0.94,0.94,0.93,0.93,0.92,0.92,0.92,0.91,0.91,0.9,0.9,0.9,0.89,0.89,0.88,0.88,0.88,0.87,0.87,0.86,0.86,0.85,0.85,0.85,0.84,0.84,0.83,0.83,0.82,0.82,0.82,0.81,0.81,0.8,0.8,0.79,0.79,0.78,0.78,0.78,0.77,0.77,0.76,0.76,0.76],
		"sqf_normalization": "Use unnormalized MTF for Acutance calculation",
		"readout_type": "Acutance",
		"readout_value": [0.8625481681],
		"picture_ht_cm": [75],
		"acutance_readout": "Acutance, 0.8625, Picture Ht (cm), 75, Viewing distance (cm), 100",
		"gamma": [0.5],
		"color_channel": "Y",
		"max_detected_frequency_Cycles_per_Pixel": [0.6283],